channel_key,contact_type
f34b8d37-ffe7-4311-ab2c-c6e99a1ee2f7,Unknown
230641ec-bb67-4dc6-9915-3f60c4c5f750,Unknown
88c05020-ae3d-4994-8362-e37657fbc373,Unknown
3c0c570d-20b9-4c1b-955e-8e5f05e0da0a,Unknown
7038dfb9-3bc5-4f6a-9223-29ba91b3c1f6,Unknown
f0e0a2fa-a325-4c50-8914-7aaa03e6b182,Unknown
ab35d2bb-8680-4aad-ace9-4cef3833884e,Unknown
28b5a7de-51ca-4035-abce-a4d4a28547f5,Unknown
686461ea-493a-41fd-bb15-bb238f22bd97,Unknown
eafc3980-2c3f-45c0-8174-9365d27609ad,Unknown
962a5b44-ef81-4b0a-9834-29752b76d2a4,Unknown
dd55fcba-2cd1-483c-8696-535299cae73e,Unknown
58027bea-ce58-4d47-baf8-63f0591a2ee2,Unknown
1fda2724-3622-417b-8f7c-f56f215d762d,Unknown
63be9c6a-3832-4ef3-9f97-5ecc05d4322f,Unknown
5ff17031-5e9e-4ecc-b324-fa899accfe31,Unknown
577ef005-1b9b-49d5-a630-93a9c8517423,Unknown
d28b91c2-7c0b-4b58-9208-133d968021f0,Unknown
dc26147e-3747-4b3f-92f6-3b9ade528851,Unknown
4cc861a6-7b15-46ae-a1e9-feffc8920add,Unknown
bffb4b01-27de-4d53-8e2c-9fa8b52d3a71,Unknown
e45dbaa4-5bef-4b8a-a75a-aec3984008d4,Unknown
2b48326b-ebad-4313-9316-6130dd940a8e,Unknown
2551106e-5a2b-4f00-808b-f05b96d4203e,Unknown
9ee15ff8-24e0-4990-8ee9-cc47793c01f5,Unknown
1e6bd93b-eda9-4379-aaac-437b19e8d791,Unknown
1d41d359-101a-45f4-be10-f852af2df04a,Unknown
af529d5d-78d2-4915-98a0-56a2e2321925,Unknown
f658b0aa-f87a-47cf-96e3-b3c1bcec21a8,Unknown
a1da350c-a206-4857-901c-d046fd1d96ed,Unknown
0e7823c9-88d5-492e-b152-f5ee41faa889,Unknown
495ceceb-21df-4a18-8dbc-d796a89fae2c,Unknown
9590a67e-e336-41eb-9b95-90333a1ce2a3,Unknown
4ff015f8-33b7-466d-b8e9-084518e61179,Unknown
18f6d211-8afc-4d2c-b8a5-81580c84cc99,Unknown
a11ea289-236c-415b-a14a-947c3cc94b87,Unknown
442d9ff4-3de1-4fde-a6f8-4f4ffdbaf77c,Unknown
e568c35f-995c-46f5-bdde-66c7f069cadd,Unknown
eddea99b-dd87-4c7f-9bfd-a6b9f6e5e6f3,Unknown
39550b28-1e08-4f11-9db6-27bee1d850c3,Unknown
e1be3fc0-d5f7-4f6c-85e7-5de353a9d7bc,Unknown
cfc66d05-b711-49a8-a208-922eb83f57f7,Unknown
e9050398-432f-4f7e-81e3-0ca147c8d02e,Unknown
31fd8d50-5925-4c82-ba59-e76ce3ef3ebc,Unknown
16250991-6557-455b-90b9-93d96d6ce46d,Unknown
dea39be7-e59a-4a8d-9f90-61a9f1fc0604,Unknown
548e57f0-4659-409b-99c0-0c09360e83ac,Unknown
cd8b3bce-aef1-4494-a304-619912c3a604,Unknown
9c753c7e-fd90-49c8-b163-5ce06065118d,Unknown
bfd4c3e7-163d-4934-a86b-31a083a8750d,Unknown
5f81a73f-b9cd-4bc6-a104-e4b4fd1c80d0,Unknown
29614b7c-8420-40e0-bdbf-b1ed605a8bec,Unknown
7da70741-c469-49d7-bef3-540077ace654,Unknown
7387a134-b0f3-4fdc-a0a6-fdb2b2791f1c,Unknown
9e0c302a-60cb-4841-b4c9-e3bad2989e3b,Unknown
debcf223-b30c-40ac-89f0-f02e9550e9e7,Unknown
797665c0-2cd9-4547-8355-af86a53c0954,Unknown
62cc4d97-fc2b-41aa-9905-42cefc8dab27,Unknown
5618d0df-8285-4577-9939-0f1a2e2dd173,Unknown
a183f540-6ba9-490f-9b98-f72dbbecd5c1,Unknown
9d83e56d-f492-4753-81b8-54675aa75abd,Unknown
af573b5b-d3e3-472b-b76a-2f3c6ec244bd,Unknown
68bdef99-d53f-4e9c-9484-38164bb024bd,Unknown
5d189911-656c-4ed2-9b21-9feef845f0b2,Unknown
1c6809e6-5fe0-41e0-b2e9-130faa2c0c8e,Unknown
4772bd97-ec88-4766-b965-b12278de9a95,Unknown
83c7909c-c477-47a5-b868-74e9c5d15214,Unknown
f7c34ea3-2fba-4f08-9fec-83d32f91044a,Unknown
150b13f2-ba01-4354-97fb-040119c00387,Unknown
6abefb6b-601a-4ae6-bf46-a54433fa75df,Unknown
fe78b030-74c3-46a2-a180-7e7014280d9f,Unknown
8797a67c-7249-4461-a803-bf521609c4d2,Unknown
3e1ca898-5a1e-49a9-b634-ab6d47cff111,Unknown
a17b3128-a998-426f-aa2b-323f6477c9bf,Unknown
ac41a5ec-ee84-4bd3-ad81-018d5020d55a,Unknown
3f55147f-0922-4eed-b8af-579f6304fb82,Unknown
ed141d92-470f-49bc-a45e-48cb076acfce,Unknown
9e005ae8-3e6a-4c5b-b46e-b65d215aa308,Unknown
b9c1a294-e02c-4edb-8ab4-eee6118349d6,Unknown
785d8a67-a05e-4b10-82ee-d07d0042d3ad,Unknown
d75eca62-7790-46ab-b067-aebb44398ee1,Unknown
1d94d403-47cd-4800-9a73-9b7f0f880a41,Unknown
46feaba9-a159-45e2-bbf0-189ecbfb3ff3,Unknown
7696856b-22be-4ae8-9912-85866ad61c3c,Unknown
839d253a-6aea-4ff9-a12f-a7802248aeb2,Unknown
a16f8d4a-7d6a-463c-90df-34e35ffc3e65,Unknown
d865b4c2-bf4d-43db-b5e1-d857ad2eda91,Unknown
711c06b5-19f1-4611-a59b-fb0bf1a18eb4,Unknown
e436a2d6-2e92-4cf0-a20c-31335e6a2c19,Unknown
0efbebe7-d901-4535-95e2-aa41e199a5a5,Unknown
6751db95-1d4b-4fae-acf6-f2bcb3eab3b7,Unknown
08cf4010-7668-4f39-93ab-820f0ecf8192,Unknown
19d8c01b-46aa-4554-9e79-d5216c5bda54,Unknown
a0e96560-e679-46e3-8396-3205bc75fe8f,Unknown
9d8a7d67-eb3d-4786-bd71-50399219928f,Unknown
61f3799e-2369-495b-895d-96d4635587fc,Unknown
19b75a17-0885-41f5-8268-ce65784ddfde,Unknown
7ec3ba78-dc0e-4f4b-830a-c678937c9d7f,Unknown
68f33369-e4c0-450a-9682-0fd5be1244a4,Unknown
2815a8ed-0564-47a3-bdcd-c102f0f02535,Unknown
8aa8dbc8-ff96-4bfa-856c-8844572ea8c8,Unknown
dbdca1f5-4f59-4f47-b0f6-1e8daecbbea1,Unknown
83b11f87-af25-4e19-b4cd-1fc4802e8bef,Unknown
16df832b-c203-43a9-a1c2-3eaebd34cd5b,Unknown
510c05e4-c14a-4919-a016-5ff4f9a4e3f9,Unknown
2562c324-6eeb-49d5-97a1-b21f9a7b5077,Unknown
67e91eeb-ec46-4d8b-a04c-7927136047f7,Unknown
c288c312-a0a0-46f5-8d6e-8506f15e71bd,Unknown
8059e455-ccf4-41ae-9296-ed8e78d70b3f,Unknown
b1b52173-1c42-40af-8614-b9f8728b33d7,Unknown
d7477c87-199a-437e-9e51-dadfef7d8104,Unknown
3caa8c71-8520-4564-a97c-6d273a9e09e3,Unknown
ae842ea0-885a-49b9-8574-fc8bbadad8bd,Unknown
2cffdac8-f4ea-4d14-9cd7-89fa61dd3aff,Unknown
46a307e9-33ce-42de-b06d-6ec33d7bc9dc,Unknown
965a30d9-4547-49ea-be33-47a2a7ef8ec0,Unknown
5fc8ed2b-bf2b-4a94-999f-cdb75f7f0e4e,Unknown
e074ec06-a5b0-40f6-945f-a146b19cb8b9,Unknown
c853cc05-3935-42a2-b07d-0fa43ff1e47f,Unknown
5b85d605-b57e-46cd-80ec-db9710cedfd5,Unknown
7baaddd5-5a44-48cf-96bc-e2813b7e348e,Unknown
245ed546-9cdf-4628-8c0a-e7cad81cb497,Unknown
b9c57393-050b-442f-888d-c4f6baa36382,Unknown
f08f11a3-1ed7-4189-bf06-7858fb2b8980,Unknown
e302e8e9-4cab-4869-97e5-cf67f224cde1,Unknown
4d72ab71-b4f8-48ec-8b11-9b424338c14e,Unknown
2a8480cd-f8bc-4ec2-99d3-4661d901f856,Unknown
b0d0c04f-bb9f-423c-aba7-7c1f5065c2f8,Unknown
8d1165c4-17a7-4c8b-8175-45d5fe1b9258,Unknown
75ee1d9c-6e3a-4583-a31c-f5282d4045c8,Unknown
be5a1728-a68f-4af1-9bf6-8393fedf38a3,Unknown
281674ae-6492-4c8c-abcd-94d6d1fa25f3,Unknown
b538c5f1-eeea-4e6f-ad42-0f34b7ab0f50,Unknown
d418a66f-aabe-4720-b463-238964a9db84,Unknown
bbd65f9d-62b2-422b-9fae-5c9de5e9a4ed,Unknown
5428f8b9-065d-4753-aaf7-f898dcbc1968,Unknown
709b2bbc-de1f-493a-abba-9f3f85fed269,Unknown
41229cd2-6f70-46d6-b3d3-306d1837bedb,Unknown
2de73673-bc57-4958-8846-4b538c156ea6,Unknown
d8997220-5ed7-4de0-a734-27e01b6f09cd,Unknown
91385c2f-fe7c-48bd-81be-0f350074caf1,Unknown
599c9aef-65e3-4aa0-8c20-2eb912d91058,Unknown
37542f34-9414-4dce-bcb9-6afef51d80ec,Unknown
1eea00da-67af-4351-91d7-415607b06f37,Unknown
440f91c7-61d6-4e42-b0c5-e85cbf13ca6a,Unknown
eb6b0d69-4d28-4b22-806d-d60fc453a389,Unknown
43dc47cc-d21a-4d47-8abc-51dd552995e4,Unknown
1ff7b0fc-cacd-444f-91bd-dcc8fcead9cd,Unknown
548f5667-607d-4fe9-bd3e-3cf5a4400614,Unknown
b6bc6701-fabb-44fe-a46e-b8c4eee923fb,Unknown
b8ef6f91-b8bf-4224-bd60-35de56328e66,Unknown
d5140568-20ba-4d27-8c20-ef6b1c7ecb4b,Unknown
279559d5-ab17-4713-a8c9-0dccbcfd49bc,Unknown
522af9b3-5e6f-4e6c-b874-852567216c11,Unknown
edfb6c88-0821-4ce5-873c-2c06f2fd94f9,Unknown
217d39b8-4d27-45ff-b543-ea7c4ff782c3,Unknown
2bd26d44-275d-47f1-891d-931955ffe0ae,Unknown
44658e36-a911-44fe-80a3-629536875b41,Unknown
ee887ea7-d4f3-4587-b23f-d277edd02c2a,Unknown
9f07739c-0d9e-4c0e-9d8c-adc74ef64740,Unknown
deed21b2-37ae-47f5-a414-c81f56a3dee1,Unknown
5bb76583-996c-42a8-af10-e50950325cef,Unknown
79f97800-6250-4962-8890-9816e85d2c11,Unknown
2ef10d37-fd20-4510-9545-18137df13e0e,Unknown
6b189925-2aa3-4300-b853-dcb4daa02d9e,Unknown
f8061763-b551-4401-be0c-b87a7a491b63,Unknown
2b2204c4-f2fd-42ce-a90b-a7c82c1e8234,Unknown
6eab17c1-1af7-492d-877c-d2c017c5c166,Unknown
968b2935-a230-4960-a987-e495692ff4ed,Unknown
866c6e2c-687c-4520-9c3a-4ad305608338,Unknown
2eaae3e7-4afd-4fd3-8db2-97d90fda1351,Unknown
be618bdb-d6b7-4c72-90ca-e11bd2d86da7,Unknown
fcfd53d0-bd15-41b7-b022-d7b8e97a20bc,Unknown
4a28c2e3-327e-436d-80ed-b27dfa28ec0a,Unknown
f4cb2047-75ae-4989-a4d9-d9a0dd9da594,Unknown
e9c711ac-e396-4ea2-a33e-76dc9f53336b,Unknown
befe4fc7-194c-40b9-bb1a-bb9aa60b02a6,Unknown
4c827461-32de-46ce-800a-82b1168a9482,Unknown
084d0c27-a511-4250-ae4b-a111861cf10e,Unknown
ccb4f0de-7169-4fb3-a432-a51a19b1902e,Unknown
962c1efd-ff52-4652-a89b-91375090e104,Unknown
bab7d907-c460-4477-8f06-f14675b99ba6,Unknown
304d9862-f736-464d-b63d-8ba689453b8b,Unknown
b07f73e6-5313-4d4d-b768-b0c8c3fb3088,Unknown
9b9c2a84-37e5-46ad-9fe3-82ff6d96ee71,Unknown
4849b820-a87e-458f-ac62-ebc1c9a27b1c,Unknown
757f87f9-fe93-4510-87de-149b8524e48f,Unknown
3822849f-c1fd-4446-9157-04cbeab0ba01,Unknown
8a947283-44ce-41e2-934d-74a449caa29d,Unknown
67658cf3-b95a-43ea-9988-29438b280ef2,Unknown
bfc21e4a-f41e-41bb-8ce7-27ad058e5051,Unknown
370517cc-a555-421a-a892-298a13292deb,Unknown
1860728c-784f-4adf-a568-f3d720509204,Unknown
b68852b5-5191-4abd-b862-38bbc6654113,Unknown
8a032056-e41f-4dbe-bf5e-0e95bbb02537,Unknown
0d909203-fe64-42c9-8d3c-68db65278fd1,Unknown
5f52097a-dc0e-46b6-a3ee-35cfaf7de8e4,Unknown
ad79a92d-0979-4851-a29d-9218c5444f77,Unknown
9082bee9-e4fd-4ec6-93b5-3fb08b997da8,Unknown
a064f24b-c9ee-4017-b01e-54ca94c2d6f6,Unknown
855e1f65-a288-4686-bffa-9ec1517adbad,Unknown
06a307b1-b744-40fe-a20d-76a0d6e2c6c1,Unknown
3f397a92-83be-447d-8a31-0a7e171dd4e7,Unknown
af5734fb-6564-49a3-b74e-6f4b809a5c62,Unknown
51f5bae0-772f-4de1-86cc-c39cd6cb7049,Unknown
8365cbfa-dd37-433f-ab3e-333a214a8745,Unknown
205f25b5-e975-417b-bdf3-abff8023a2d6,Unknown
3da86044-bb17-4692-bec7-fc18572eefa7,Unknown
04e35607-992e-46e6-942c-d34b1d26d9c3,Unknown
10430c32-6319-460b-bbd0-867643dcf42c,Unknown
45136f1b-367f-4b18-9413-1b2ecf80eeea,Unknown
b95367a8-4c17-409a-ab88-9c7ad99d42c6,Unknown
feefc640-625d-48c6-bf05-96749bad56e4,Unknown
30467103-a91d-4dad-86a9-b63647f86b7c,Unknown
9a40012c-9cd3-477c-92a3-0d0cc970c4dc,Unknown
40183f47-f4a7-4e96-bfd4-e3fd210fcf70,Unknown
9f32fb78-5dee-449f-908c-c6312119b564,Unknown
f06008f6-6adb-418e-9b6f-5b916677d91c,Unknown
c12632c6-19d3-4fae-bcc1-a9e7c7970748,Unknown
edce7976-6875-4e1b-bcce-71b94e6f154c,Unknown
052e632b-489d-4109-9c9f-9c3ce501eb74,Unknown
9f9f900e-5d41-4e27-a258-3a286113d287,Unknown
cc0901c3-ec57-4223-ae42-ba5b4ea6864f,Unknown
d1b0325b-c84d-4b79-87e9-586fddc3e1ad,Unknown
ac2baae8-a7c1-4f3c-94ad-0478d5b71a6a,Unknown
1ad9eaa0-daab-4ffa-ba67-3a6d2ddb67e3,Unknown
dba8e2e4-3703-4f84-8a66-050ba1ceb4bf,Unknown
af9aa6c2-19f3-488e-94b8-319a68b62b07,Unknown
83037b8c-ddf2-4490-9e5b-c7773aed6aca,Unknown
4e1d741f-aeac-4781-8923-f7742865cd7b,Unknown
94014e5c-ad1b-4227-bf3c-b7f27fe626d6,Unknown
5bca1ea5-771b-40ef-a8cd-ec547aa81231,Unknown
3d017089-d813-43ac-bca5-33918450c47e,Unknown
d62175dd-ee45-40f8-825d-042325d423ba,Unknown
f5c01684-e6e5-4658-b43f-d12fa78fc145,Unknown
03fad82f-a97c-4330-ab5b-e3569d490f8a,Unknown
914fc1c5-4363-41d8-9f00-7c9a5659a920,Unknown
de37b9e0-373a-4b4e-9235-69ae151d3ff8,Unknown
07a9c29b-109d-4d57-aff4-8f169438c54f,Unknown
73b27076-5a3b-45ce-a767-1b137e854864,Unknown
c4eb4ff4-b5e0-4234-9fc0-685c399602e8,Unknown
5f68ef34-b779-4690-9767-5617a04ad822,Unknown
e845a01f-f10f-4f30-8f34-548b88fdaa52,Unknown
6ce13712-7820-457c-860c-b7ce95c3adaa,Unknown
255941ab-ffb7-43c8-a536-43210dacfc94,Unknown
0f89c62b-50bd-465e-a660-a45915ea5c34,Unknown
213118e8-9ee4-4417-b3b4-36c6ff22ce8f,Unknown
a25c0110-c90f-43cd-9b07-ac2d90b7af58,Unknown
191d9dfd-0963-403c-9a6c-3a845120b5f6,Unknown
6ff6650b-a06d-48ac-b9e1-f635282dfdf3,Unknown
dfe3f256-ea2d-4f85-8895-9c3910d1f867,Unknown
4d831d79-cbd9-49ed-9028-4292ea788558,Unknown
c524b8db-6078-4aa7-9b21-a2ca05fd1e6d,Unknown
58ae7658-f31d-4dbe-95d8-7b3f290c736b,Unknown
7320c4d1-20c9-4dbd-ba5b-e8c38389af9e,Unknown
b6036bfe-a1b6-4b8a-b7f5-51e0bd4caeba,Unknown
19e86729-4b04-4733-a09d-6405181996b6,Unknown
b7668bc4-fd25-4c21-a84b-8224515307be,Unknown
6a21dec9-a604-46a6-a4a9-db1d53ff9b6c,Unknown
602be6b4-9fc6-4243-8bd1-a76c957d9bcd,Unknown
ef4e4933-6e3d-4f92-89a6-6e36d5d8ba6f,Unknown
c39b4d96-bfd6-4a4a-b77e-419166c8d5fa,Unknown
138c2161-e9a4-4231-af19-40b7133ab209,Unknown
b81ee03a-c436-4e9c-abbc-4807d5dbbc9e,Unknown
01c8a6b2-975b-45a9-a273-9a25d1dc9541,Unknown
76c751e0-dba6-4a3c-8387-063cdf36688a,Unknown
6c3d1d56-9e5f-41fa-a08e-ba417cc02e22,Unknown
44fe6051-13ed-4c8c-9004-54837092d78a,Unknown
0104fb52-c403-428e-8401-7b32aeeea365,Unknown
f08e6092-d251-423e-8a6a-e187022b74d6,Unknown
22d0f68d-7d4b-4707-9f96-39945eef4f62,Unknown
0063b0fa-912e-4034-8136-ee499b3e701d,Unknown
0aaed8b0-4852-488b-b7b7-4006ffe5a798,Unknown
1f30fb5b-5952-4aca-8a27-0502afa5fe88,Unknown
a44c8b67-ab05-4e9e-8b10-fc904aa7e5dd,Unknown
9e39c744-7a0e-4b5b-b0a2-0b29da10e513,Unknown
6649a42e-95db-4efb-9d1d-af21e2139d76,Unknown
ac3fac27-fca9-406f-9a77-e81bdb6a2dc7,Unknown
e80ce4ec-9a3f-4e90-9003-3e77e5d2d72f,Unknown
4daa8f1d-5b07-4fe6-b8be-1591e8f575b3,Unknown
98f50427-4a08-4534-a4b4-aaa86369df85,Unknown
06984a7d-bfbb-4447-aac8-e1c4b85a75b7,Unknown
582a6bde-cc8d-4bc1-99cc-9efe148b3f56,Unknown
b13dd363-06d5-42ee-b39e-ea5877cd49a9,Unknown
7fbb665d-c242-4990-9937-931d8676f9bb,Unknown
3c4705f5-14c6-43f7-9b95-ce77486faf08,Unknown
e88bc1e4-48e7-4504-a4a3-68f6e51e4218,Unknown
d04ad481-a151-4e26-91af-4441443fda02,Unknown
64deaf16-f28d-44cb-8bff-4224c48544fd,Unknown
d88d651a-487f-4e76-b473-bc337c0eaca8,Unknown
8910734e-c42c-40a1-bce6-bfa4e4429247,Unknown
1e164d6b-39c4-4f55-bc22-888e57db8ff4,Unknown
fe61d2bc-c15c-402a-b49b-a5979ecbbcd1,Unknown
f1e0219f-678d-4e51-8262-16989e3837b2,Unknown
f0810e7c-aa09-45af-ac63-e7c4d03fdc51,Unknown
3119a1a9-7102-4214-a969-c30285ab3f07,Unknown
80caa0b8-2daf-414c-86e9-f8408367d7cd,Unknown
f8bd2837-1b04-4aa1-8588-49faca90c6cf,Unknown
ca018b52-c47b-4ccd-a427-4ec85d89d7bc,Unknown
af55c574-4d61-44bf-b892-2804c7c6b7c3,Unknown
54adf72f-6e0e-4ae8-b411-670ef2a6f679,Unknown
82c86ad3-1874-48b1-ba69-efc38d58f99e,Unknown
7c4ebb85-6b81-41ea-84c4-e7f1f9c6ab29,Unknown
08c6bd17-06ab-444f-ab3b-6ba55f7267cb,Unknown
add1b2d3-0b3b-41bb-8a0b-42bc05048992,Unknown
77f1724b-888c-4fd5-9c4b-494359be8093,Unknown
d1f3e6bf-894b-406f-804f-9c09e8729170,Unknown
a3400592-b2a4-4bac-b70c-063419b98197,Unknown
2751dcad-128d-4048-a643-493100589cc6,Unknown
c976e5e5-9226-4eb2-bf5f-0eba6d56d5cb,Unknown
86db62e8-2f4b-4c9b-9961-49fb869aba3f,Unknown
49cfa936-ce9d-4c4e-8a6a-ff7a34d837f1,Unknown
b3a39415-0be4-495a-938a-9f87b054553b,Unknown
cba13b8f-dba5-4600-8b75-134621d1bd03,Unknown
5be91f1c-f5f7-4485-9911-f95a85403233,Unknown
c549be7a-8060-4760-87a6-d61b9777d49d,Unknown
4835f536-c7e9-409f-b035-84967a73561a,Unknown
bcf9080f-b593-48bd-ac0d-46b19b477365,Unknown
5bf5d4c6-994f-4222-aba1-6a6cd56570ff,Unknown
b539cf5d-6380-440a-8a5c-7e1c4978ed65,Unknown
370fe1cc-95ea-4267-90cd-22f50ab2b076,Unknown
34dae1dd-a3fb-429c-a87f-324bc1a58a95,Unknown
fe5ffc33-0bf5-4bca-a6e4-2c82286c0942,Unknown
dfba7ea7-fcce-49d5-9af8-6e43ad706460,Unknown
545ecace-2739-49f9-8c51-ca818b06f864,Unknown
425ceed3-1958-4182-8132-88cc9531a8fc,Unknown
4ccf43a2-5133-4843-b91c-5caa8e39f01e,Unknown
40ae25de-e1e5-4ada-8625-8a9b12410013,Unknown
56244202-b9c2-4b23-833a-fe0a01ace2f9,Unknown
16506631-216f-4daa-ba47-30dc0bbced66,Unknown
8ca8c405-0e7d-4b37-b465-0309addf42a0,Unknown
5ac09ca8-256c-493a-ac5e-06a3301af635,Unknown
38c2b2cb-a0c0-408c-9fa9-fda864f0cd29,Unknown
c74899c1-870d-4552-907e-a4a522e382eb,Unknown
6ad527b1-2638-4aa0-8775-25bddf19c894,Unknown
cf9724eb-ffe5-4328-aea5-ed99f812aede,Unknown
2de8b012-0b7b-4050-acf3-36205fb3e695,Unknown
236838ac-96ac-44fd-9744-32737cd7616e,Unknown
f4ba6a34-37f7-4189-a522-c2c84dec15a6,Unknown
fdaa1cc9-a9ac-47fd-89cd-6480f22eada0,Unknown
d63bb915-0dcc-475e-9cee-3b3741e35cc6,Unknown
40969aa5-a775-4776-9076-3a18a1c817a3,Unknown
646d7594-9024-4207-8081-36dfc91a565f,Unknown
81e868b7-993a-4ddf-88fb-e14d0b265964,Unknown
42a625de-1a17-4fde-b3b5-36ffff7cfd28,Unknown
10706cbb-9820-4819-ab10-116570f65e4a,Unknown
8c20f6e1-444a-4456-b555-8717b17efc7f,Unknown
51063de3-e21b-479b-a989-66f6467ca66d,Unknown
10932151-0453-412d-9514-0b236ab724f9,Unknown
e3131a74-8755-4629-80f4-01bca03e767b,Unknown
40cf0672-b374-4fa6-bc98-0571db943620,Unknown
a2488ab6-5d14-422c-9d79-0ad7d7cee249,Unknown
a8d29724-07e5-44ae-bade-67533194c3e6,Unknown
1ee5687a-df95-4165-b784-f747f1c0e62f,Unknown
9160bdda-db92-46dc-93bb-b27c17e50d16,Unknown
55121e48-dcd0-492c-8576-315ea3019372,Unknown
228a7122-d684-4af5-9efe-c4ef20ec46a5,Unknown
4fb27edf-d496-4695-a534-b5b0f7124f05,Unknown
88a14458-c1c0-42cc-bed7-d6013a9c4186,Unknown
81e4c675-0592-4ad2-9abe-37ba4dfb465e,Unknown
e9153455-9bdb-429c-a32f-2a18abe4f747,Unknown
ce1d6599-97f4-427a-a164-e293e8a20ffc,Unknown
b0cae54b-7229-4558-b3b8-102b15285365,Unknown
a4ebe642-a4bd-4b17-b62d-724e3156e6ca,Unknown
f0fcd9f6-fdc2-432b-8550-d11bbfdb9ae7,Unknown
d4d2afda-910c-4afa-9fd7-e065d0eb4941,Unknown
9eb21443-4327-4a07-80be-04a2fbef4be3,Unknown
319c0015-3ea3-4245-a4b7-e0875f95552c,Unknown
5746785c-dda9-49e8-88cb-6878937d2e0a,Unknown
05bd18df-f8ee-4187-aaf0-0f72270c7667,Unknown
3449da5b-afeb-4c6b-b4c9-53ba638dd6df,Unknown
d257cfe1-779d-4534-be7a-404f693fb94a,Unknown
298ea549-6d08-4ded-abbc-d73c7993ca22,Unknown
c33f10ce-1c25-419c-9ada-0e4c0cd2ee90,Unknown
e56f35a0-6999-4c6b-8b1c-52530a571ee3,Unknown
1c90b493-9c81-42f8-b340-2a93691cf3da,Unknown
fdb9e221-b9d3-4961-bcc4-da903d870a9f,Unknown
03da1dfb-110e-4383-8402-9d9d3708ac2a,Unknown
7f57b1ff-56c0-455f-96ae-35a5cc5776ad,Unknown
fa06ea55-a121-4bc6-87e2-1b67deb8e1bd,Unknown
ed2b77a0-26a6-4711-a194-b48a99a9c3ef,Unknown
b2e53658-50da-4e23-99d7-7fb5ba17f041,Unknown
221e27c7-2066-417b-84b2-f441a5ee6cea,Unknown
7ed112bb-958c-4e7d-b3f6-24ab0ba506cf,Unknown
79f03892-5521-43fb-88dd-2d3ca42bb265,Unknown
0b63064d-8915-42b5-add9-f8d6e2f24197,Unknown
3492520e-9ef3-4a6c-aae0-da06a8e33f18,Unknown
e5791c1c-06eb-4401-8392-508f89fa04a9,Unknown
65ff2eb8-772a-494b-a6ea-df1ee1ed227d,Unknown
ad459e1b-8f10-43dc-8985-bf5805b67a09,Unknown
45afd69f-7813-4372-9518-caa289198b80,Unknown
3c3a0664-c24a-4a65-838c-8846998d5200,Unknown
a91b0255-8059-4f7a-83dd-4ba8812dfe66,Unknown
6f416dce-4296-48d6-9113-c7afd5f3a465,Unknown
f9becb2d-0f05-48fb-b1dd-e934a0c915ff,Unknown
3bf7b820-d0e2-4580-b0b7-e836c893bec4,Unknown
af4d4b85-1529-490d-bcb0-a5b8c55b4cd4,Unknown
c7f8776a-88bc-43f0-9204-e9d748e1912d,Unknown
5af73808-07a6-4a58-8ffc-ff4bf45ca42d,Unknown
5d588092-eef8-43e0-b25f-101098080822,Unknown
ec9f5f5e-7d9e-4460-8279-f73c3558eb40,Unknown
4277460e-28e3-41ab-9521-de885c904c5d,Unknown
147bcf4e-5ba3-49eb-8484-62c6948dd0f1,Unknown
8ef1376a-102e-4e6b-89ba-74acade37abb,Unknown
bc522cdf-a79c-4400-8dfe-1d393f811a4a,Unknown
38ee5f97-28fd-4c71-834a-995b20bf99c1,Unknown
78097da7-22fe-4754-b740-888fea0f1327,Unknown
62a025fc-4ba5-4114-869f-52640e7b7723,Unknown
4b6af299-a54e-4688-9a13-2e216e5dd24b,Unknown
44386ba7-bf05-4f61-8f85-de367feb7303,Unknown
901a8e87-a6d5-48b2-9c4a-c302043537c0,Unknown
7a0fc860-eca6-4c13-b802-05853e4b6136,Unknown
c1a6b0df-4459-480f-a714-54c5ed445b4b,Unknown
8f44ff69-c83e-4fa5-9565-6d15f80c7a77,Unknown
4b4e01df-0fd9-4201-9058-f45204412c7d,Unknown
2054cda9-1f3e-41be-b331-552472ac332a,Unknown
b61f0bd2-5d1c-4125-b2f3-1f3338c50a5c,Unknown
b70c6bb3-d61e-4e45-99c6-9ac860358b94,Unknown
630120b0-e80f-488e-b1ba-bf86adefa613,Unknown
82797c74-3da3-4aed-91dd-ff012f4d5bbd,Unknown
3e942300-fe23-4e77-bf06-2591be74f550,Unknown
65b2f1c8-677d-4516-9edd-053a0b994236,Unknown
859e270f-d57c-4ccf-9a45-af17cc6bf6d3,Unknown
a7d0e36d-07cb-4c4b-9ea1-7d4c29aeca93,Unknown
2b4f3bae-6d61-4bc7-b9dd-f0d6bac7d47c,Unknown
be85ef3c-be18-4d8d-a037-3fbb40e5552f,Unknown
34151258-6f19-4646-a7e0-aac3c354a77c,Unknown
3a17bb8e-41f2-474b-9e50-a04a5b5b5d8c,Unknown
0b732f53-71f3-43aa-b221-8763482575f8,Unknown
5fe3d8eb-e3bf-426b-b3c4-93bb9e04c9a3,Unknown
9f80e506-6ba5-445c-ba75-7b5318171d98,Unknown
1f7f98b9-d5ff-4568-b12a-b6d25e472fcc,Unknown
9abd83ff-147c-4815-b631-6173db9f8c45,Unknown
cad3774c-9836-4b38-9f63-71551398fffc,Unknown
31daa5e2-ca10-4d58-804a-8a534a7cb5da,Unknown
015e4bf6-9ae4-4224-9f2f-7dab9e25e7c4,Unknown
45b7bef3-d978-46a8-8a1e-c7084472517c,Unknown
5c31e71d-2e0d-4925-8f99-5c0e8810ecec,Unknown
c2a8745e-fb53-46e2-a8d2-a70086b89134,Unknown
67247e66-9be3-4145-b51d-52009a596639,Unknown
53832bed-1c7f-445e-a2f5-32cb537b64de,Unknown
79db0821-6638-43ec-b0ed-f9abf0f31961,Unknown
ef9e9340-af7c-4ff8-ac37-62aaf40da2b6,Unknown
2359f62b-e944-489e-915a-2e095777a84c,Unknown
98598672-1640-4d51-be06-351909cbfc78,Unknown
848e9601-bc46-41d8-9b2d-ccfd0af5f593,Unknown
7012a7b5-9992-410a-bf73-de0c0d5b9882,Unknown
2a9295cf-f4e0-4920-94de-324719591df2,Unknown
bab0b73d-9a13-4e83-b2e2-008f809ab065,Unknown
701f6c58-0de7-4e0e-881e-fe99d4fb3545,Unknown
015a7578-4a27-489f-bd93-1cbce3539f96,Unknown
65869f4c-326e-40b9-9607-495e948879a4,Unknown
cceaaa7b-18bf-4386-8e96-b9eabdb3b4b2,Unknown
13934ffd-776a-4cde-9de1-678daf1ebc34,Unknown
33e3e7bb-f6b9-4b0f-b8ad-ecea4b7f39e6,Unknown
5e402bc9-48e3-43f9-ac01-229cd44e7b9b,Unknown
add6c3af-415f-4bec-a450-689f2fd01d29,Unknown
dc97b9d2-6af0-48e3-87ac-cb98f2b6750e,Unknown
1eaac849-df53-4d88-8592-06732ea6c048,Unknown
0f5bfe52-d60f-4811-8f61-e251ba8d7844,Unknown
6f46eb39-b48a-4b46-bc42-4b8c63eaa855,Unknown
e72bac99-20e0-4168-891c-1c711f291cdf,Unknown
53a14e85-2761-4a1e-8095-0df149c954b1,Unknown
a61032bb-bb31-4081-b691-b51795a7c186,Unknown
d8e73f34-83fa-450d-8d1a-9caac57982d2,Unknown
ce2b1652-a4c8-4c6e-a02f-456eaf6133c6,Unknown
0aa57ef2-6223-481b-a30a-2e449be296e0,Unknown
00f3c3ce-8ac1-4488-89a1-328648cd9639,Unknown
ce99ac40-04b5-403e-a5b8-0e60d0be458d,Unknown
7f7f52be-1ebd-47eb-8f8e-d20c9cd16acc,Unknown
a553cee9-4d44-4bfc-bcca-dae1430c5852,Unknown
617ca253-edb0-4010-8fa7-0d053592764a,Unknown
e795dc20-2a43-49cf-8a8b-72fda1704410,Unknown
b4dfa584-1dd7-4a3c-8b08-69635cb49dea,Unknown
a5d6ade1-45e9-4f3c-a6b7-65005a5b256c,Unknown
d38dcb2c-a065-42b5-985b-b529310692d6,Unknown
87dce53b-9edd-42bb-91d3-ce731c73ca59,Unknown
44917470-d7cc-4907-b191-cd42c0b7491d,Unknown
0c453941-29b0-4669-af9c-5d50a59ca66f,Unknown
89925c52-4898-4094-a9a0-036b3166fb39,Unknown
7c49549f-d69b-487f-a8af-27ba36540401,Unknown
7649a24e-db39-40d7-afcc-7071dbf63579,Unknown
9bee2ba8-d63e-492a-9a21-f0fd76436228,Unknown
26cb6833-99ca-4cd8-9689-742d8e19f13f,Unknown
c58f9214-37dc-4f19-b1f4-2d7f5ab9f0f3,Unknown
a403b665-c97d-4589-8cc3-50e46eb573ad,Unknown
b6d6f660-6ac7-4e22-a1a3-0b718e56821e,Unknown
282360a4-50a3-4511-9206-6cd84638be03,Unknown
66e456aa-810b-4adc-a66c-1f92cce38c69,Unknown
71cc36c8-3736-409b-9032-b3330474821b,Unknown
4a724144-b0b2-43a0-b9e3-b2e824751565,Unknown
29c8a0d1-afa2-4b88-bb41-6fd35fee2c6f,Unknown
a943c2ed-4b06-410e-85ad-359d6b7f9d80,Unknown
a3505478-4acb-4589-9fbc-12680c4e32a4,Unknown
a960f85a-991d-4859-9418-48a1a7090a3e,Unknown
ecef1917-89a1-44d7-ae52-d44f1bbdd24f,Unknown
914fb2df-f074-4462-b7c7-49ab3e0d7d9f,Unknown
ee049963-a0fa-4fde-a5a0-3a866f9dbc65,Unknown
389b12f1-12ab-45a2-95ee-046d2849ca08,Unknown
22d31a6c-5d28-4a33-9ff4-ac7afd1769b0,Unknown